"Variable","Média","Minimo","Máximo","Desvio_Padrão"
"Bioestimulantes",0.75,0.75,0.75,0
"Calcário",5,0,30,11.6774841624228
"Fósforo",3.75,0,7.5,3.9167472590032
"Herbicidas",3.125,0,7.5,3.86196487908328
"Inseticidas",1.5625,0,3.75,1.93098243954164
"Micronutrientes",1.5,1.5,1.5,0
"Nitrogênio",21.875,0,37.5,12.5736466830069
"Potássio",15.625,0,30,10.3421577667684
