"Variable","Média","Minimo","Máximo","Desvio_Padrão"
"Bioestimulantes",2,2,2,0
"Calcário",16.6666666666667,0,100,38.9249472080761
"Fósforo",10,0,20,10.4446593573419
"Herbicidas",8.33333333333333,0,20,10.2985730108887
"Inseticidas",3.33333333333333,0,10,4.92365963917331
"Micronutrientes",4,4,4,0
"Nitrogênio",70,0,120,44.7213595499958
"Potássio",48.3333333333333,0,100,34.5972498469126
